,Age,County,Female,Male,Male_Inverse,Male_inverse,OBJECTID,shape
0,0 - 10,West,93068,95845,-95845.0,,0,9
1,10 - 20,West,65659,69211,-69211.0,,1,9
2,20 - 30,West,41993,35772,-35772.0,,2,9
3,30 - 40,West,24504,22820,-22820.0,,3,9
4,40 - 50,West,13666,13596,-13596.0,,4,9
5,50 - 60,West,8387,8270,-8270.0,,5,9
6,60 - 70,West,5236,4800,-4800.0,,6,9
7,70 - 80,West,2680,2398,-2398.0,,7,9
8,80+,West,2620,2047,-2047.0,,8,9
0,0 - 10,Wajir,101919,114418,-114418.0,,0,9
1,10 - 20,Wajir,86255,124991,-124991.0,,1,9
2,20 - 30,Wajir,40368,44268,-44268.0,,2,9
3,30 - 40,Wajir,33605,26992,-26992.0,,3,9
4,40 - 50,Wajir,19343,24068,-24068.0,,4,9
5,50 - 60,Wajir,7851,14352,-14352.0,,5,9
6,60 - 70,Wajir,4005,8116,-8116.0,,6,9
7,70 - 80,Wajir,2759,4233,-4233.0,,7,9
8,80+,Wajir,1996,2230,-2230.0,,8,9
0,0 - 10,Vihiga,84180,85648,-85648.0,,0,9
1,10 - 20,Vihiga,70511,69566,-69566.0,,1,9
2,20 - 30,Vihiga,41695,31391,-31391.0,,2,9
3,30 - 40,Vihiga,29042,22626,-22626.0,,3,9
4,40 - 50,Vihiga,22326,16921,-16921.0,,4,9
5,50 - 60,Vihiga,18678,15048,-15048.0,,5,9
6,60 - 70,Vihiga,12489,10881,-10881.0,,6,9
7,70 - 80,Vihiga,8279,7086,-7086.0,,7,9
8,80+,Vihiga,4582,3408,-3408.0,,8,9
0,0 - 10,Uasin,129614,131874,-131874.0,,0,9
1,10 - 20,Uasin,103059,101241,-101241.0,,1,9
2,20 - 30,Uasin,97189,91986,-91986.0,,2,9
3,30 - 40,Uasin,53166,57642,-57642.0,,3,9
4,40 - 50,Uasin,28332,31920,-31920.0,,4,9
5,50 - 60,Uasin,15319,16988,-16988.0,,5,9
6,60 - 70,Uasin,8634,8836,-8836.0,,6,9
7,70 - 80,Uasin,4857,4616,-4616.0,,7,9
8,80+,Uasin,4783,3553,-3553.0,,8,9
0,0 - 10,Turkana,120224,129428,-129428.0,,0,9
1,10 - 20,Turkana,118712,144037,-144037.0,,1,9
2,20 - 30,Turkana,67999,73813,-73813.0,,2,9
3,30 - 40,Turkana,45657,39215,-39215.0,,3,9
4,40 - 50,Turkana,26774,25824,-25824.0,,4,9
5,50 - 60,Turkana,15960,16103,-16103.0,,5,9
6,60 - 70,Turkana,8565,9429,-9429.0,,6,9
7,70 - 80,Turkana,3739,4241,-4241.0,,7,9
8,80+,Turkana,2530,2741,-2741.0,,8,9
0,0 - 10,Trans,135442,137718,-137718.0,,0,9
1,10 - 20,Trans,100906,102567,-102567.0,,1,9
2,20 - 30,Trans,72111,65377,-65377.0,,2,9
3,30 - 40,Trans,43133,43537,-43537.0,,3,9
4,40 - 50,Trans,26985,25661,-25661.0,,4,9
5,50 - 60,Trans,16124,16220,-16220.0,,5,9
6,60 - 70,Trans,8700,8692,-8692.0,,6,9
7,70 - 80,Trans,4884,4654,-4654.0,,7,9
8,80+,Trans,3201,2627,-2627.0,,8,9
0,0 - 10,Tharaka,19825,20195,-20195.0,,0,9
1,10 - 20,Tharaka,15468,15471,-15471.0,,1,9
2,20 - 30,Tharaka,11778,9531,-9531.0,,2,9
3,30 - 40,Tharaka,8008,7041,-7041.0,,3,9
4,40 - 50,Tharaka,4601,4156,-4156.0,,4,9
5,50 - 60,Tharaka,2966,2792,-2792.0,,5,9
6,60 - 70,Tharaka,2215,1875,-1875.0,,6,9
7,70 - 80,Tharaka,1252,1039,-1039.0,,7,9
8,80+,Tharaka,1072,750,-750.0,,8,9
0,0 - 10,Taita,36367,37180,-37180.0,,0,9
1,10 - 20,Taita,31097,32385,-32385.0,,1,9
2,20 - 30,Taita,23405,24990,-24990.0,,2,9
3,30 - 40,Taita,17028,19774,-19774.0,,3,9
4,40 - 50,Taita,11870,12850,-12850.0,,4,9
5,50 - 60,Taita,8373,8535,-8535.0,,5,9
6,60 - 70,Taita,5648,5175,-5175.0,,6,9
7,70 - 80,Taita,3349,2847,-2847.0,,7,9
8,80+,Taita,2129,1514,-1514.0,,8,9
0,0 - 10,Siaya,131471,132328,-132328.0,,0,9
1,10 - 20,Siaya,104073,107516,-107516.0,,1,9
2,20 - 30,Siaya,71578,58686,-58686.0,,2,9
3,30 - 40,Siaya,40260,35152,-35152.0,,3,9
4,40 - 50,Siaya,31568,21508,-21508.0,,4,9
5,50 - 60,Siaya,26806,17493,-17493.0,,5,9
6,60 - 70,Siaya,18813,12819,-12819.0,,6,9
7,70 - 80,Siaya,12637,8724,-8724.0,,7,9
8,80+,Siaya,6155,4159,-4159.0,,8,9
0,0 - 10,Samburu,39881,40577,-40577.0,,0,9
1,10 - 20,Samburu,27330,30522,-30522.0,,1,9
2,20 - 30,Samburu,18431,16597,-16597.0,,2,9
3,30 - 40,Samburu,11035,10113,-10113.0,,3,9
4,40 - 50,Samburu,6220,5832,-5832.0,,4,9
5,50 - 60,Samburu,3850,3565,-3565.0,,5,9
6,60 - 70,Samburu,2678,2492,-2492.0,,6,9
7,70 - 80,Samburu,1478,1433,-1433.0,,7,9
8,80+,Samburu,1017,846,-846.0,,8,9
0,0 - 10,Nyeri,76072,78981,-78981.0,,0,9
1,10 - 20,Nyeri,71707,74396,-74396.0,,1,9
2,20 - 30,Nyeri,61045,57643,-57643.0,,2,9
3,30 - 40,Nyeri,49748,46936,-46936.0,,3,9
4,40 - 50,Nyeri,37377,34177,-34177.0,,4,9
5,50 - 60,Nyeri,22123,19372,-19372.0,,5,9
6,60 - 70,Nyeri,17343,15041,-15041.0,,6,9
7,70 - 80,Nyeri,10120,8009,-8009.0,,7,9
8,80+,Nyeri,8200,5064,-5064.0,,8,9
0,0 - 10,Nyandarua,85033,88261,-88261.0,,0,9
1,10 - 20,Nyandarua,70288,74948,-74948.0,,1,9
2,20 - 30,Nyandarua,48175,42276,-42276.0,,2,9
3,30 - 40,Nyandarua,39174,33640,-33640.0,,3,9
4,40 - 50,Nyandarua,26933,23669,-23669.0,,4,9
5,50 - 60,Nyandarua,13939,12709,-12709.0,,5,9
6,60 - 70,Nyandarua,10945,8521,-8521.0,,6,9
7,70 - 80,Nyandarua,5551,5067,-5067.0,,7,9
8,80+,Nyandarua,3983,2941,-2941.0,,8,9
0,0 - 10,Nyamira,74617,75371,-75371.0,,0,9
1,10 - 20,Nyamira,60085,59924,-59924.0,,1,9
2,20 - 30,Nyamira,47721,34649,-34649.0,,2,9
3,30 - 40,Nyamira,28218,24285,-24285.0,,3,9
4,40 - 50,Nyamira,17927,17268,-17268.0,,4,9
5,50 - 60,Nyamira,11007,11446,-11446.0,,5,9
6,60 - 70,Nyamira,6224,6219,-6219.0,,6,9
7,70 - 80,Nyamira,3851,3485,-3485.0,,7,9
8,80+,Nyamira,2690,1842,-1842.0,,8,9
0,0 - 10,Narok,153446,159159,-159159.0,,0,9
1,10 - 20,Narok,98995,103618,-103618.0,,1,9
2,20 - 30,Narok,74985,68382,-68382.0,,2,9
3,30 - 40,Narok,42355,43962,-43962.0,,3,9
4,40 - 50,Narok,24346,25068,-25068.0,,4,9
5,50 - 60,Narok,12145,13649,-13649.0,,5,9
6,60 - 70,Narok,7455,7769,-7769.0,,6,9
7,70 - 80,Narok,4149,4088,-4088.0,,7,9
8,80+,Narok,3778,2943,-2943.0,,8,9
0,0 - 10,Nandi,118123,120919,-120919.0,,0,9
1,10 - 20,Nandi,90231,90922,-90922.0,,1,9
2,20 - 30,Nandi,67595,62935,-62935.0,,2,9
3,30 - 40,Nandi,40971,42747,-42747.0,,3,9
4,40 - 50,Nandi,25049,25136,-25136.0,,4,9
5,50 - 60,Nandi,15036,15823,-15823.0,,5,9
6,60 - 70,Nandi,8967,8801,-8801.0,,6,9
7,70 - 80,Nandi,5243,5125,-5125.0,,7,9
8,80+,Nandi,5121,3921,-3921.0,,8,9
0,0 - 10,Nakuru,232015,239240,-239240.0,,0,9
1,10 - 20,Nakuru,177969,182419,-182419.0,,1,9
2,20 - 30,Nakuru,165240,151640,-151640.0,,2,9
3,30 - 40,Nakuru,99803,105517,-105517.0,,3,9
4,40 - 50,Nakuru,56597,60191,-60191.0,,4,9
5,50 - 60,Nakuru,30558,32235,-32235.0,,5,9
6,60 - 70,Nakuru,18870,18073,-18073.0,,6,9
7,70 - 80,Nakuru,9702,9061,-9061.0,,7,9
8,80+,Nakuru,7699,5807,-5807.0,,8,9
0,0 - 10,Nairobi,352757,351281,-351281.0,,0,9
1,10 - 20,Nairobi,281306,235723,-235723.0,,1,9
2,20 - 30,Nairobi,494464,445685,-445685.0,,2,9
3,30 - 40,Nairobi,236679,317082,-317082.0,,3,9
4,40 - 50,Nairobi,98594,155010,-155010.0,,4,9
5,50 - 60,Nairobi,39875,65986,-65986.0,,5,9
6,60 - 70,Nairobi,15769,22419,-22419.0,,6,9
7,70 - 80,Nairobi,6759,6886,-6886.0,,7,9
8,80+,Nairobi,5175,3348,-3348.0,,8,9
0,0 - 10,Muranga,108248,111221,-111221.0,,0,9
1,10 - 20,Muranga,97920,103829,-103829.0,,1,9
2,20 - 30,Muranga,70443,64084,-64084.0,,2,9
3,30 - 40,Muranga,58149,51372,-51372.0,,3,9
4,40 - 50,Muranga,44900,37685,-37685.0,,4,9
5,50 - 60,Muranga,30782,26114,-26114.0,,5,9
6,60 - 70,Muranga,23395,20693,-20693.0,,6,9
7,70 - 80,Muranga,14122,10895,-10895.0,,7,9
8,80+,Muranga,11249,6535,-6535.0,,8,9
0,0 - 10,Mombasa,113083,114153,-114153.0,,0,9
1,10 - 20,Mombasa,88861,80755,-80755.0,,1,9
2,20 - 30,Mombasa,130033,120694,-120694.0,,2,9
3,30 - 40,Mombasa,66020,92146,-92146.0,,3,9
4,40 - 50,Mombasa,28289,45107,-45107.0,,4,9
5,50 - 60,Mombasa,13689,20868,-20868.0,,5,9
6,60 - 70,Mombasa,6685,7903,-7903.0,,6,9
7,70 - 80,Mombasa,3289,3319,-3319.0,,7,9
8,80+,Mombasa,2160,1446,-1446.0,,8,9
0,0 - 10,Migori,163161,163058,-163058.0,,0,9
1,10 - 20,Migori,115487,117375,-117375.0,,1,9
2,20 - 30,Migori,82674,69417,-69417.0,,2,9
3,30 - 40,Migori,44943,40368,-40368.0,,3,9
4,40 - 50,Migori,27661,22719,-22719.0,,4,9
5,50 - 60,Migori,18006,14964,-14964.0,,5,9
6,60 - 70,Migori,10508,8632,-8632.0,,6,9
7,70 - 80,Migori,6492,4940,-4940.0,,7,9
8,80+,Migori,3636,2624,-2624.0,,8,9
0,0 - 10,Marsabit,45168,47292,-47292.0,,0,9
1,10 - 20,Marsabit,37186,42129,-42129.0,,1,9
2,20 - 30,Marsabit,21323,22944,-22944.0,,2,9
3,30 - 40,Marsabit,13530,13738,-13738.0,,3,9
4,40 - 50,Marsabit,8854,9385,-9385.0,,4,9
5,50 - 60,Marsabit,5702,6546,-6546.0,,5,9
6,60 - 70,Marsabit,3648,4200,-4200.0,,6,9
7,70 - 80,Marsabit,2608,2886,-2886.0,,7,9
8,80+,Marsabit,1998,1938,-1938.0,,8,9
0,0 - 10,Mandera,164290,179100,-179100.0,,0,9
1,10 - 20,Mandera,141504,202143,-202143.0,,1,9
2,20 - 30,Mandera,55077,63149,-63149.0,,2,9
3,30 - 40,Mandera,53241,37665,-37665.0,,3,9
4,40 - 50,Mandera,29951,36232,-36232.0,,4,9
5,50 - 60,Mandera,11080,20849,-20849.0,,5,9
6,60 - 70,Mandera,4994,11769,-11769.0,,6,9
7,70 - 80,Mandera,3183,5791,-5791.0,,7,9
8,80+,Mandera,2385,3143,-3143.0,,8,9
0,0 - 10,Machakos,143706,147455,-147455.0,,0,9
1,10 - 20,Machakos,125232,134627,-134627.0,,1,9
2,20 - 30,Machakos,96917,91030,-91030.0,,2,9
3,30 - 40,Machakos,68993,65086,-65086.0,,3,9
4,40 - 50,Machakos,45526,41467,-41467.0,,4,9
5,50 - 60,Machakos,32385,29743,-29743.0,,5,9
6,60 - 70,Machakos,19019,16437,-16437.0,,6,9
7,70 - 80,Machakos,11724,9563,-9563.0,,7,9
8,80+,Machakos,11586,7320,-7320.0,,8,9
0,0 - 10,Laikipia,57165,58667,-58667.0,,0,9
1,10 - 20,Laikipia,45017,47182,-47182.0,,1,9
2,20 - 30,Laikipia,35400,31859,-31859.0,,2,9
3,30 - 40,Laikipia,24781,24171,-24171.0,,3,9
4,40 - 50,Laikipia,16573,16334,-16334.0,,4,9
5,50 - 60,Laikipia,9476,9115,-9115.0,,5,9
6,60 - 70,Laikipia,6358,6182,-6182.0,,6,9
7,70 - 80,Laikipia,3111,3071,-3071.0,,7,9
8,80+,Laikipia,2607,1923,-1923.0,,8,9
0,0 - 10,Kwale,109299,110280,-110280.0,,0,9
1,10 - 20,Kwale,77803,78740,-78740.0,,1,9
2,20 - 30,Kwale,58109,43194,-43194.0,,2,9
3,30 - 40,Kwale,36898,33072,-33072.0,,3,9
4,40 - 50,Kwale,20100,20612,-20612.0,,4,9
5,50 - 60,Kwale,15025,14269,-14269.0,,5,9
6,60 - 70,Kwale,8791,8561,-8561.0,,6,9
7,70 - 80,Kwale,4587,4676,-4676.0,,7,9
8,80+,Kwale,3142,2430,-2430.0,,8,9
0,0 - 10,Kisumu,147877,147594,-147594.0,,0,9
1,10 - 20,Kisumu,120100,118303,-118303.0,,1,9
2,20 - 30,Kisumu,98263,88245,-88245.0,,2,9
3,30 - 40,Kisumu,48126,51663,-51663.0,,3,9
4,40 - 50,Kisumu,32192,28506,-28506.0,,4,9
5,50 - 60,Kisumu,21679,19969,-19969.0,,5,9
6,60 - 70,Kisumu,12999,11217,-11217.0,,6,9
7,70 - 80,Kisumu,8113,6169,-6169.0,,7,9
8,80+,Kisumu,4615,2821,-2821.0,,8,9
0,0 - 10,Kirinyaga,59232,59966,-59966.0,,0,9
1,10 - 20,Kirinyaga,49723,51413,-51413.0,,1,9
2,20 - 30,Kirinyaga,52353,48289,-48289.0,,2,9
3,30 - 40,Kirinyaga,40720,40851,-40851.0,,3,9
4,40 - 50,Kirinyaga,27310,27703,-27703.0,,4,9
5,50 - 60,Kirinyaga,15345,15164,-15164.0,,5,9
6,60 - 70,Kirinyaga,10103,8866,-8866.0,,6,9
7,70 - 80,Kirinyaga,6292,4834,-4834.0,,7,9
8,80+,Kirinyaga,6266,3450,-3450.0,,8,9
0,0 - 10,Kiambu,201383,203364,-203364.0,,0,9
1,10 - 20,Kiambu,167891,161726,-161726.0,,1,9
2,20 - 30,Kiambu,191610,170215,-170215.0,,2,9
3,30 - 40,Kiambu,125333,133602,-133602.0,,3,9
4,40 - 50,Kiambu,72516,78706,-78706.0,,4,9
5,50 - 60,Kiambu,38033,40566,-40566.0,,5,9
6,60 - 70,Kiambu,24267,22281,-22281.0,,6,9
7,70 - 80,Kiambu,13633,10654,-10654.0,,7,9
8,80+,Kiambu,10918,6130,-6130.0,,8,9
0,0 - 10,Isiolo,21573,22891,-22891.0,,0,9
1,10 - 20,Isiolo,16953,17909,-17909.0,,1,9
2,20 - 30,Isiolo,12609,12469,-12469.0,,2,9
3,30 - 40,Isiolo,7119,7666,-7666.0,,3,9
4,40 - 50,Isiolo,4702,5267,-5267.0,,4,9
5,50 - 60,Isiolo,2866,3601,-3601.0,,5,9
6,60 - 70,Isiolo,1703,1945,-1945.0,,6,9
7,70 - 80,Isiolo,1134,1188,-1188.0,,7,9
8,80+,Isiolo,914,702,-702.0,,8,9
0,0 - 10,Garissa,92557,105304,-105304.0,,0,9
1,10 - 20,Garissa,78072,103172,-103172.0,,1,9
2,20 - 30,Garissa,49103,50200,-50200.0,,2,9
3,30 - 40,Garissa,32624,28408,-28408.0,,3,9
4,40 - 50,Garissa,17955,21881,-21881.0,,4,9
5,50 - 60,Garissa,7964,12559,-12559.0,,5,9
6,60 - 70,Garissa,4543,7019,-7019.0,,6,9
7,70 - 80,Garissa,2730,3720,-3720.0,,7,9
8,80+,Garissa,2420,2472,-2472.0,,8,9
0,0,Embu,6658,6931,-6931.0,,0,81
1,1,Embu,4773,4962,-4962.0,,1,81
2,2,Embu,6443,6507,-6507.0,,2,81
3,3,Embu,6189,6076,-6076.0,,3,81
4,4,Embu,6207,6251,-6251.0,,4,81
5,5,Embu,5950,6204,-6204.0,,5,81
6,6,Embu,5870,6009,-6009.0,,6,81
7,7,Embu,5450,5651,-5651.0,,7,81
8,8,Embu,5851,5656,-5656.0,,8,81
9,9,Embu,5493,5627,-5627.0,,9,81
10,10,Embu,6102,6321,-6321.0,,10,81
11,11,Embu,4578,4452,-4452.0,,11,81
12,12,Embu,5735,5872,-5872.0,,12,81
13,13,Embu,4925,4901,-4901.0,,13,81
14,14,Embu,4942,5097,-5097.0,,14,81
15,15,Embu,4704,4786,-4786.0,,15,81
16,16,Embu,4594,4499,-4499.0,,16,81
17,17,Embu,3995,4098,-4098.0,,17,81
18,18,Embu,3945,4294,-4294.0,,18,81
19,19,Embu,3150,3403,-3403.0,,19,81
20,20,Embu,4468,4130,-4130.0,,20,81
21,21,Embu,2779,2712,-2712.0,,21,81
22,22,Embu,3798,3190,-3190.0,,22,81
23,23,Embu,3215,2886,-2886.0,,23,81
24,24,Embu,3227,2910,-2910.0,,24,81
25,25,Embu,3978,3647,-3647.0,,25,81
26,26,Embu,2689,2413,-2413.0,,26,81
27,27,Embu,2427,2515,-2515.0,,27,81
28,28,Embu,2684,2239,-2239.0,,28,81
29,29,Embu,2075,1951,-1951.0,,29,81
30,30,Embu,3492,3201,-3201.0,,30,81
31,31,Embu,1578,1794,-1794.0,,31,81
32,32,Embu,2250,2233,-2233.0,,32,81
33,33,Embu,1570,1509,-1509.0,,33,81
34,34,Embu,1626,1540,-1540.0,,34,81
35,35,Embu,2866,3142,-3142.0,,35,81
36,36,Embu,1390,1438,-1438.0,,36,81
37,37,Embu,1413,1514,-1514.0,,37,81
38,38,Embu,1438,1191,-1191.0,,38,81
39,39,Embu,1189,1092,-1092.0,,39,81
40,40,Embu,2331,2247,-2247.0,,40,81
41,41,Embu,870,902,-902.0,,41,81
42,42,Embu,1075,1099,-1099.0,,42,81
43,43,Embu,799,752,-752.0,,43,81
44,44,Embu,852,875,-875.0,,44,81
45,45,Embu,1743,1542,-1542.0,,45,81
46,46,Embu,964,913,-913.0,,46,81
47,47,Embu,918,908,-908.0,,47,81
48,48,Embu,1462,1255,-1255.0,,48,81
49,49,Embu,841,955,-955.0,,49,81
50,50,Embu,1760,1617,-1617.0,,50,81
51,51,Embu,602,778,-778.0,,51,81
52,52,Embu,740,778,-778.0,,52,81
53,53,Embu,592,616,-616.0,,53,81
54,54,Embu,639,624,-624.0,,54,81
55,55,Embu,1008,980,-980.0,,55,81
56,56,Embu,587,623,-623.0,,56,81
57,57,Embu,640,839,-839.0,,57,81
58,58,Embu,514,483,-483.0,,58,81
59,59,Embu,526,581,-581.0,,59,81
60,60,Embu,1377,1186,-1186.0,,60,81
61,61,Embu,456,527,-527.0,,61,81
62,62,Embu,371,448,-448.0,,62,81
63,63,Embu,314,377,-377.0,,63,81
64,64,Embu,437,395,-395.0,,64,81
65,65,Embu,885,647,-647.0,,65,81
66,66,Embu,372,381,-381.0,,66,81
67,67,Embu,349,377,-377.0,,67,81
68,68,Embu,380,300,-300.0,,68,81
69,69,Embu,381,302,-302.0,,69,81
70,70,Embu,959,787,-787.0,,70,81
71,71,Embu,222,175,-175.0,,71,81
72,72,Embu,258,241,-241.0,,72,81
73,73,Embu,180,199,-199.0,,73,81
74,74,Embu,232,230,-230.0,,74,81
75,75,Embu,431,310,-310.0,,75,81
76,76,Embu,150,179,-179.0,,76,81
77,77,Embu,117,133,-133.0,,77,81
78,78,Embu,188,214,-214.0,,78,81
79,79,Embu,303,223,-223.0,,79,81
80,80+,Embu,2681,1848,-1848.0,,80,81
0,0,Busia,13705,13568,-13568.0,,0,81
1,1,Busia,12390,12320,-12320.0,,1,81
2,2,Busia,13621,13654,-13654.0,,2,81
3,3,Busia,13392,13291,-13291.0,,3,81
4,4,Busia,12852,12980,-12980.0,,4,81
5,5,Busia,12917,12898,-12898.0,,5,81
6,6,Busia,12129,12118,-12118.0,,6,81
7,7,Busia,11708,11518,-11518.0,,7,81
8,8,Busia,11211,10772,-10772.0,,8,81
9,9,Busia,11502,11313,-11313.0,,9,81
10,10,Busia,12257,12102,-12102.0,,10,81
11,11,Busia,9429,9114,-9114.0,,11,81
12,12,Busia,11498,11497,-11497.0,,12,81
13,13,Busia,10457,10373,-10373.0,,13,81
14,14,Busia,9675,9838,-9838.0,,14,81
15,15,Busia,9601,9589,-9589.0,,15,81
16,16,Busia,8734,8816,-8816.0,,16,81
17,17,Busia,8648,9350,-9350.0,,17,81
18,18,Busia,8281,8450,-8450.0,,18,81
19,19,Busia,7516,6926,-6926.0,,19,81
20,20,Busia,9597,7620,-7620.0,,20,81
21,21,Busia,6501,5450,-5450.0,,21,81
22,22,Busia,7920,6155,-6155.0,,22,81
23,23,Busia,6809,5496,-5496.0,,23,81
24,24,Busia,6239,4956,-4956.0,,24,81
25,25,Busia,7106,5681,-5681.0,,25,81
26,26,Busia,5247,4297,-4297.0,,26,81
27,27,Busia,5174,4520,-4520.0,,27,81
28,28,Busia,4747,3845,-3845.0,,28,81
29,29,Busia,4183,3752,-3752.0,,29,81
30,30,Busia,6436,5007,-5007.0,,30,81
31,31,Busia,3561,3175,-3175.0,,31,81
32,32,Busia,4463,3945,-3945.0,,32,81
33,33,Busia,3247,2909,-2909.0,,33,81
34,34,Busia,3293,3031,-3031.0,,34,81
35,35,Busia,5134,4312,-4312.0,,35,81
36,36,Busia,2881,2567,-2567.0,,36,81
37,37,Busia,2961,2567,-2567.0,,37,81
38,38,Busia,2907,2228,-2228.0,,38,81
39,39,Busia,2677,2237,-2237.0,,39,81
40,40,Busia,4859,3454,-3454.0,,40,81
41,41,Busia,2316,2061,-2061.0,,41,81
42,42,Busia,2399,2032,-2032.0,,42,81
43,43,Busia,2114,1662,-1662.0,,43,81
44,44,Busia,1936,1630,-1630.0,,44,81
45,45,Busia,3278,2582,-2582.0,,45,81
46,46,Busia,2265,1844,-1844.0,,46,81
47,47,Busia,2528,1964,-1964.0,,47,81
48,48,Busia,2090,1607,-1607.0,,48,81
49,49,Busia,2134,1837,-1837.0,,49,81
50,50,Busia,3357,2316,-2316.0,,50,81
51,51,Busia,1759,1493,-1493.0,,51,81
52,52,Busia,1723,1464,-1464.0,,52,81
53,53,Busia,1594,1237,-1237.0,,53,81
54,54,Busia,1622,1277,-1277.0,,54,81
55,55,Busia,1997,1546,-1546.0,,55,81
56,56,Busia,1411,1187,-1187.0,,56,81
57,57,Busia,1733,1505,-1505.0,,57,81
58,58,Busia,908,795,-795.0,,58,81
59,59,Busia,1421,1105,-1105.0,,59,81
60,60,Busia,2262,1567,-1567.0,,60,81
61,61,Busia,1210,1014,-1014.0,,61,81
62,62,Busia,840,829,-829.0,,62,81
63,63,Busia,882,819,-819.0,,63,81
64,64,Busia,1104,830,-830.0,,64,81
65,65,Busia,1194,948,-948.0,,65,81
66,66,Busia,588,544,-544.0,,66,81
67,67,Busia,1183,966,-966.0,,67,81
68,68,Busia,598,510,-510.0,,68,81
69,69,Busia,1026,680,-680.0,,69,81
70,70,Busia,1491,926,-926.0,,70,81
71,71,Busia,663,600,-600.0,,71,81
72,72,Busia,646,554,-554.0,,72,81
73,73,Busia,584,618,-618.0,,73,81
74,74,Busia,655,503,-503.0,,74,81
75,75,Busia,715,528,-528.0,,75,81
76,76,Busia,581,517,-517.0,,76,81
77,77,Busia,626,582,-582.0,,77,81
78,78,Busia,429,355,-355.0,,78,81
79,79,Busia,752,445,-445.0,,79,81
80,80+,Busia,3579,2764,-2764.0,,80,81
0,0,Bungoma,25199,25659,-25659.0,,0,81
1,1,Bungoma,23266,23482,-23482.0,,1,81
2,2,Bungoma,25729,25797,-25797.0,,2,81
3,3,Bungoma,25725,25500,-25500.0,,3,81
4,4,Bungoma,24027,24317,-24317.0,,4,81
5,5,Bungoma,24646,24832,-24832.0,,5,81
6,6,Bungoma,23343,22996,-22996.0,,6,81
7,7,Bungoma,22205,22080,-22080.0,,7,81
8,8,Bungoma,21455,20979,-20979.0,,8,81
9,9,Bungoma,21804,21825,-21825.0,,9,81
10,10,Bungoma,21315,21604,-21604.0,,10,81
11,11,Bungoma,17807,17776,-17776.0,,11,81
12,12,Bungoma,19849,19831,-19831.0,,12,81
13,13,Bungoma,18953,18983,-18983.0,,13,81
14,14,Bungoma,17106,17165,-17165.0,,14,81
15,15,Bungoma,17099,16915,-16915.0,,15,81
16,16,Bungoma,15646,15663,-15663.0,,16,81
17,17,Bungoma,16652,17164,-17164.0,,17,81
18,18,Bungoma,14849,15070,-15070.0,,18,81
19,19,Bungoma,14294,14134,-14134.0,,19,81
20,20,Bungoma,15452,13438,-13438.0,,20,81
21,21,Bungoma,12885,11776,-11776.0,,21,81
22,22,Bungoma,13924,11768,-11768.0,,22,81
23,23,Bungoma,12652,10966,-10966.0,,23,81
24,24,Bungoma,11254,9721,-9721.0,,24,81
25,25,Bungoma,12649,10863,-10863.0,,25,81
26,26,Bungoma,9834,8505,-8505.0,,26,81
27,27,Bungoma,9862,8864,-8864.0,,27,81
28,28,Bungoma,8481,7144,-7144.0,,28,81
29,29,Bungoma,8217,7678,-7678.0,,29,81
30,30,Bungoma,10226,8587,-8587.0,,30,81
31,31,Bungoma,7424,6910,-6910.0,,31,81
32,32,Bungoma,8385,7472,-7472.0,,32,81
33,33,Bungoma,7002,6419,-6419.0,,33,81
34,34,Bungoma,6395,5712,-5712.0,,34,81
35,35,Bungoma,8663,8149,-8149.0,,35,81
36,36,Bungoma,5937,5561,-5561.0,,36,81
37,37,Bungoma,5894,5756,-5756.0,,37,81
38,38,Bungoma,5173,4626,-4626.0,,38,81
39,39,Bungoma,5022,4829,-4829.0,,39,81
40,40,Bungoma,6850,5893,-5893.0,,40,81
41,41,Bungoma,4402,4401,-4401.0,,41,81
42,42,Bungoma,4578,4069,-4069.0,,42,81
43,43,Bungoma,4305,3715,-3715.0,,43,81
44,44,Bungoma,3745,3353,-3353.0,,44,81
45,45,Bungoma,5533,4793,-4793.0,,45,81
46,46,Bungoma,4096,3764,-3764.0,,46,81
47,47,Bungoma,4411,3899,-3899.0,,47,81
48,48,Bungoma,3591,3215,-3215.0,,48,81
49,49,Bungoma,4317,4265,-4265.0,,49,81
50,50,Bungoma,4101,3771,-3771.0,,50,81
51,51,Bungoma,3428,3048,-3048.0,,51,81
52,52,Bungoma,3059,2812,-2812.0,,52,81
53,53,Bungoma,3256,2863,-2863.0,,53,81
54,54,Bungoma,2705,2537,-2537.0,,54,81
55,55,Bungoma,3455,2958,-2958.0,,55,81
56,56,Bungoma,2460,2126,-2126.0,,56,81
57,57,Bungoma,2885,2564,-2564.0,,57,81
58,58,Bungoma,1625,1461,-1461.0,,58,81
59,59,Bungoma,2228,2130,-2130.0,,59,81
60,60,Bungoma,2214,1965,-1965.0,,60,81
61,61,Bungoma,2163,1796,-1796.0,,61,81
62,62,Bungoma,1620,1420,-1420.0,,62,81
63,63,Bungoma,1815,1684,-1684.0,,63,81
64,64,Bungoma,1531,1397,-1397.0,,64,81
65,65,Bungoma,1720,1542,-1542.0,,65,81
66,66,Bungoma,1258,1052,-1052.0,,66,81
67,67,Bungoma,1983,1481,-1481.0,,67,81
68,68,Bungoma,942,944,-944.0,,68,81
69,69,Bungoma,1102,932,-932.0,,69,81
70,70,Bungoma,1671,1360,-1360.0,,70,81
71,71,Bungoma,907,835,-835.0,,71,81
72,72,Bungoma,1031,871,-871.0,,72,81
73,73,Bungoma,1310,1110,-1110.0,,73,81
74,74,Bungoma,706,675,-675.0,,74,81
75,75,Bungoma,972,941,-941.0,,75,81
76,76,Bungoma,770,542,-542.0,,76,81
77,77,Bungoma,1107,896,-896.0,,77,81
78,78,Bungoma,513,519,-519.0,,78,81
79,79,Bungoma,905,704,-704.0,,79,81
80,80+,Bungoma,5685,4403,-4403.0,,80,81
0,0,Bomet,14901,15908,-15908.0,,0,81
1,1,Bomet,13008,13742,-13742.0,,1,81
2,2,Bomet,14480,15286,-15286.0,,2,81
3,3,Bomet,14732,15039,-15039.0,,3,81
4,4,Bomet,14876,15388,-15388.0,,4,81
5,5,Bomet,14753,15424,-15424.0,,5,81
6,6,Bomet,14343,14674,-14674.0,,6,81
7,7,Bomet,13420,14011,-14011.0,,7,81
8,8,Bomet,13421,13462,-13462.0,,8,81
9,9,Bomet,14177,14346,-14346.0,,9,81
10,10,Bomet,13263,13611,-13611.0,,10,81
11,11,Bomet,10934,10854,-10854.0,,11,81
12,12,Bomet,13132,13066,-13066.0,,12,81
13,13,Bomet,12488,12005,-12005.0,,13,81
14,14,Bomet,11381,11389,-11389.0,,14,81
15,15,Bomet,10850,11013,-11013.0,,15,81
16,16,Bomet,10456,10392,-10392.0,,16,81
17,17,Bomet,10165,10506,-10506.0,,17,81
18,18,Bomet,9852,10230,-10230.0,,18,81
19,19,Bomet,9203,8845,-8845.0,,19,81
20,20,Bomet,12338,9783,-9783.0,,20,81
21,21,Bomet,8683,7524,-7524.0,,21,81
22,22,Bomet,10124,8178,-8178.0,,22,81
23,23,Bomet,9166,7557,-7557.0,,23,81
24,24,Bomet,8460,7141,-7141.0,,24,81
25,25,Bomet,10001,8617,-8617.0,,25,81
26,26,Bomet,6445,6221,-6221.0,,26,81
27,27,Bomet,6706,6933,-6933.0,,27,81
28,28,Bomet,5619,5350,-5350.0,,28,81
29,29,Bomet,5344,5629,-5629.0,,29,81
30,30,Bomet,7880,7579,-7579.0,,30,81
31,31,Bomet,4925,5570,-5570.0,,31,81
32,32,Bomet,4950,5159,-5159.0,,32,81
33,33,Bomet,3881,4260,-4260.0,,33,81
34,34,Bomet,4075,4186,-4186.0,,34,81
35,35,Bomet,6331,7092,-7092.0,,35,81
36,36,Bomet,3700,3876,-3876.0,,36,81
37,37,Bomet,4254,4281,-4281.0,,37,81
38,38,Bomet,3009,2903,-2903.0,,38,81
39,39,Bomet,3354,3395,-3395.0,,39,81
40,40,Bomet,4840,4523,-4523.0,,40,81
41,41,Bomet,2771,3039,-3039.0,,41,81
42,42,Bomet,2213,2405,-2405.0,,42,81
43,43,Bomet,1840,1889,-1889.0,,43,81
44,44,Bomet,1975,1912,-1912.0,,44,81
45,45,Bomet,3115,2875,-2875.0,,45,81
46,46,Bomet,2222,2089,-2089.0,,46,81
47,47,Bomet,2462,2361,-2361.0,,47,81
48,48,Bomet,4105,3375,-3375.0,,48,81
49,49,Bomet,2027,2396,-2396.0,,49,81
50,50,Bomet,3158,2931,-2931.0,,50,81
51,51,Bomet,1747,2021,-2021.0,,51,81
52,52,Bomet,1689,1801,-1801.0,,52,81
53,53,Bomet,1512,1692,-1692.0,,53,81
54,54,Bomet,1394,1320,-1320.0,,54,81
55,55,Bomet,1998,2119,-2119.0,,55,81
56,56,Bomet,1125,1314,-1314.0,,56,81
57,57,Bomet,1755,1974,-1974.0,,57,81
58,58,Bomet,920,837,-837.0,,58,81
59,59,Bomet,1286,1214,-1214.0,,59,81
60,60,Bomet,2138,1778,-1778.0,,60,81
61,61,Bomet,1132,1517,-1517.0,,61,81
62,62,Bomet,738,883,-883.0,,62,81
63,63,Bomet,831,899,-899.0,,63,81
64,64,Bomet,1049,842,-842.0,,64,81
65,65,Bomet,1137,931,-931.0,,65,81
66,66,Bomet,524,508,-508.0,,66,81
67,67,Bomet,787,859,-859.0,,67,81
68,68,Bomet,550,484,-484.0,,68,81
69,69,Bomet,972,612,-612.0,,69,81
70,70,Bomet,1494,1058,-1058.0,,70,81
71,71,Bomet,573,424,-424.0,,71,81
72,72,Bomet,474,486,-486.0,,72,81
73,73,Bomet,427,467,-467.0,,73,81
74,74,Bomet,603,507,-507.0,,74,81
75,75,Bomet,754,495,-495.0,,75,81
76,76,Bomet,371,378,-378.0,,76,81
77,77,Bomet,379,393,-393.0,,77,81
78,78,Bomet,437,370,-370.0,,78,81
79,79,Bomet,776,453,-453.0,,79,81
80,80+,Bomet,5415,3739,-3739.0,,80,81
0,0,Baringo,9275,9813,,-9813.0,0,81
1,1,Baringo,7225,7488,,-7488.0,1,81
2,2,Baringo,9566,10000,,-10000.0,2,81
3,3,Baringo,9026,9550,,-9550.0,3,81
4,4,Baringo,9477,10099,,-10099.0,4,81
5,5,Baringo,9082,9784,,-9784.0,5,81
6,6,Baringo,9388,9972,,-9972.0,6,81
7,7,Baringo,8621,8794,,-8794.0,7,81
8,8,Baringo,9302,9429,,-9429.0,8,81
9,9,Baringo,8359,9032,,-9032.0,9,81
10,10,Baringo,10191,11048,,-11048.0,10,81
11,11,Baringo,7042,6809,,-6809.0,11,81
12,12,Baringo,8968,10147,,-10147.0,12,81
13,13,Baringo,7453,8008,,-8008.0,13,81
14,14,Baringo,7850,8290,,-8290.0,14,81
15,15,Baringo,7695,8342,,-8342.0,15,81
16,16,Baringo,6793,7492,,-7492.0,16,81
17,17,Baringo,5556,6490,,-6490.0,17,81
18,18,Baringo,6152,7189,,-7189.0,18,81
19,19,Baringo,4445,4779,,-4779.0,19,81
20,20,Baringo,6917,6685,,-6685.0,20,81
21,21,Baringo,4140,4033,,-4033.0,21,81
22,22,Baringo,4924,4599,,-4599.0,22,81
23,23,Baringo,4369,3930,,-3930.0,23,81
24,24,Baringo,4468,3862,,-3862.0,24,81
25,25,Baringo,6369,5395,,-5395.0,25,81
26,26,Baringo,3800,3375,,-3375.0,26,81
27,27,Baringo,3553,3365,,-3365.0,27,81
28,28,Baringo,4138,3178,,-3178.0,28,81
29,29,Baringo,2983,2693,,-2693.0,29,81
30,30,Baringo,5384,4699,,-4699.0,30,81
31,31,Baringo,2205,2395,,-2395.0,31,81
32,32,Baringo,3155,2827,,-2827.0,32,81
33,33,Baringo,2045,1804,,-1804.0,33,81
34,34,Baringo,2258,2072,,-2072.0,34,81
35,35,Baringo,4123,3962,,-3962.0,35,81
36,36,Baringo,2324,2138,,-2138.0,36,81
37,37,Baringo,1906,1938,,-1938.0,37,81
38,38,Baringo,2241,1859,,-1859.0,38,81
39,39,Baringo,1853,1758,,-1758.0,39,81
40,40,Baringo,3680,3206,,-3206.0,40,81
41,41,Baringo,1210,1289,,-1289.0,41,81
42,42,Baringo,1701,1573,,-1573.0,42,81
43,43,Baringo,1126,1131,,-1131.0,43,81
44,44,Baringo,1389,1258,,-1258.0,44,81
45,45,Baringo,2332,2169,,-2169.0,45,81
46,46,Baringo,1335,1220,,-1220.0,46,81
47,47,Baringo,1375,1242,,-1242.0,47,81
48,48,Baringo,1842,1725,,-1725.0,48,81
49,49,Baringo,1298,1438,,-1438.0,49,81
50,50,Baringo,2583,2298,,-2298.0,50,81
51,51,Baringo,805,1026,,-1026.0,51,81
52,52,Baringo,1051,1177,,-1177.0,52,81
53,53,Baringo,774,868,,-868.0,53,81
54,54,Baringo,811,856,,-856.0,54,81
55,55,Baringo,1387,1310,,-1310.0,55,81
56,56,Baringo,826,894,,-894.0,56,81
57,57,Baringo,832,1079,,-1079.0,57,81
58,58,Baringo,654,669,,-669.0,58,81
59,59,Baringo,811,877,,-877.0,59,81
60,60,Baringo,1863,1708,,-1708.0,60,81
61,61,Baringo,623,804,,-804.0,61,81
62,62,Baringo,482,651,,-651.0,62,81
63,63,Baringo,437,492,,-492.0,63,81
64,64,Baringo,591,602,,-602.0,64,81
65,65,Baringo,927,870,,-870.0,65,81
66,66,Baringo,306,309,,-309.0,66,81
67,67,Baringo,424,489,,-489.0,67,81
68,68,Baringo,471,373,,-373.0,68,81
69,69,Baringo,528,467,,-467.0,69,81
70,70,Baringo,1180,1037,,-1037.0,70,81
71,71,Baringo,340,266,,-266.0,71,81
72,72,Baringo,363,337,,-337.0,72,81
73,73,Baringo,279,253,,-253.0,73,81
74,74,Baringo,336,252,,-252.0,74,81
75,75,Baringo,548,438,,-438.0,75,81
76,76,Baringo,208,246,,-246.0,76,81
77,77,Baringo,158,180,,-180.0,77,81
78,78,Baringo,284,216,,-216.0,78,81
79,79,Baringo,415,313,,-313.0,79,81
80,80,Baringo,3215,2290,,-2290.0,80,81
